pid,title,price,catid,,,,,,,,,,,,,
1,men's - shirt - blue - small,141.62,1,,,,,,,,,,,,,
2,men's - shorts - blue - small,90.32,1,,,,,,,,,,,,,
3,men's - jeans - blue - small,184.23,1,,,,,,,,,,,,,
4,men's - shoes - blue - small,11.05,1,,,,,,,,,,,,,
5,men's - jacket - blue - small,22.27,1,,,,,,,,,,,,,
6,men's - coat - blue - small,30.41,1,,,,,,,,,,,,,
7,men's - wallet - blue - small,144.23,1,,,,,,,,,,,,,
8,men's - hat - blue - small,12.52,1,,,,,,,,,,,,,
9,men's - belt - blue - small,30.81,1,,,,,,,,,,,,,
10,men's - shirt - black - small,121.47,1,,,,,,,,,,,,,
11,men's - shorts - black - small,112.88,1,,,,,,,,,,,,,
12,men's - jeans - black - small,94.57,1,,,,,,,,,,,,,
13,men's - shoes - black - small,158.15,1,,,,,,,,,,,,,
14,men's - jacket - black - small,28.76,1,,,,,,,,,,,,,
15,men's - coat - black - small,3.22,1,,,,,,,,,,,,,
16,men's - wallet - black - small,30.9,1,,,,,,,,,,,,,
17,men's - hat - black - small,66.67,1,,,,,,,,,,,,,
18,men's - belt - black - small,73.38,1,,,,,,,,,,,,,
19,men's - shirt - red - small,50.04,1,,,,,,,,,,,,,
20,men's - shorts - red - small,63.34,1,,,,,,,,,,,,,
21,men's - jeans - red - small,109.73,1,,,,,,,,,,,,,
22,men's - shoes - red - small,52.99,1,,,,,,,,,,,,,
23,men's - jacket - red - small,38.31,1,,,,,,,,,,,,,
24,men's - coat - red - small,184.65,1,,,,,,,,,,,,,
25,men's - wallet - red - small,51.02,1,,,,,,,,,,,,,
26,men's - hat - red - small,90.88,1,,,,,,,,,,,,,
27,men's - belt - red - small,55.31,1,,,,,,,,,,,,,
28,men's - shirt - white - small,142.71,1,,,,,,,,,,,,,
29,men's - shorts - white - small,86.98,1,,,,,,,,,,,,,
30,men's - jeans - white - small,119.87,1,,,,,,,,,,,,,
31,men's - shoes - white - small,169.37,1,,,,,,,,,,,,,
32,men's - jacket - white - small,85.37,1,,,,,,,,,,,,,
33,men's - coat - white - small,118.48,1,,,,,,,,,,,,,
34,men's - wallet - white - small,45.54,1,,,,,,,,,,,,,
35,men's - hat - white - small,82.48,1,,,,,,,,,,,,,
36,men's - belt - white - small,40.82,1,,,,,,,,,,,,,
37,men's - shirt - yellow - small,78.26,1,,,,,,,,,,,,,
38,men's - shorts - yellow - small,82.73,1,,,,,,,,,,,,,
39,men's - jeans - yellow - small,198.57,1,,,,,,,,,,,,,
40,men's - shoes - yellow - small,188.33,1,,,,,,,,,,,,,
41,men's - jacket - yellow - small,185,1,,,,,,,,,,,,,
42,men's - coat - yellow - small,186.11,1,,,,,,,,,,,,,
43,men's - wallet - yellow - small,99.4,1,,,,,,,,,,,,,
44,men's - hat - yellow - small,100.86,1,,,,,,,,,,,,,
45,men's - belt - yellow - small,21.13,1,,,,,,,,,,,,,
46,men's - shirt - green - small,192.92,1,,,,,,,,,,,,,
47,men's - shorts - green - small,178.07,1,,,,,,,,,,,,,
48,men's - jeans - green - small,29.07,1,,,,,,,,,,,,,
49,men's - shoes - green - small,13.24,1,,,,,,,,,,,,,
50,men's - jacket - green - small,100.23,1,,,,,,,,,,,,,
51,men's - coat - green - small,57.46,1,,,,,,,,,,,,,
52,men's - wallet - green - small,173.94,1,,,,,,,,,,,,,
53,men's - hat - green - small,57.91,1,,,,,,,,,,,,,
54,men's - belt - green - small,139.76,1,,,,,,,,,,,,,
55,men's - shirt - brown - small,58.39,1,,,,,,,,,,,,,
56,men's - shorts - brown - small,76.05,1,,,,,,,,,,,,,
57,men's - jeans - brown - small,99.22,1,,,,,,,,,,,,,
58,men's - shoes - brown - small,195.74,1,,,,,,,,,,,,,
59,men's - jacket - brown - small,27.95,1,,,,,,,,,,,,,
60,men's - coat - brown - small,131.17,1,,,,,,,,,,,,,
61,men's - wallet - brown - small,61.15,1,,,,,,,,,,,,,
62,men's - hat - brown - small,101.15,1,,,,,,,,,,,,,
63,men's - belt - brown - small,158.53,1,,,,,,,,,,,,,
64,men's - shirt - blue - medium,134.73,1,,,,,,,,,,,,,
65,men's - shorts - blue - medium,179.15,1,,,,,,,,,,,,,
66,men's - jeans - blue - medium,97.41,1,,,,,,,,,,,,,
67,men's - shoes - blue - medium,21.37,1,,,,,,,,,,,,,
68,men's - jacket - blue - medium,152.51,1,,,,,,,,,,,,,
69,men's - coat - blue - medium,178.65,1,,,,,,,,,,,,,
70,men's - wallet - blue - medium,172.2,1,,,,,,,,,,,,,
71,men's - hat - blue - medium,16.78,1,,,,,,,,,,,,,
72,men's - belt - blue - medium,199.51,1,,,,,,,,,,,,,
73,men's - shirt - black - medium,170.44,1,,,,,,,,,,,,,
74,men's - shorts - black - medium,46.34,1,,,,,,,,,,,,,
75,men's - jeans - black - medium,5.61,1,,,,,,,,,,,,,
76,men's - shoes - black - medium,161.76,1,,,,,,,,,,,,,
77,men's - jacket - black - medium,31.36,1,,,,,,,,,,,,,
78,men's - coat - black - medium,95.2,1,,,,,,,,,,,,,
79,men's - wallet - black - medium,160.25,1,,,,,,,,,,,,,
80,men's - hat - black - medium,133.05,1,,,,,,,,,,,,,
81,men's - belt - black - medium,31.01,1,,,,,,,,,,,,,
82,men's - shirt - red - medium,97.45,1,,,,,,,,,,,,,
83,men's - shorts - red - medium,179.14,1,,,,,,,,,,,,,
84,men's - jeans - red - medium,39.1,1,,,,,,,,,,,,,
85,men's - shoes - red - medium,143.18,1,,,,,,,,,,,,,
86,men's - jacket - red - medium,18.97,1,,,,,,,,,,,,,
87,men's - coat - red - medium,190.04,1,,,,,,,,,,,,,
88,men's - wallet - red - medium,200.06,1,,,,,,,,,,,,,
89,men's - hat - red - medium,26.9,1,,,,,,,,,,,,,
90,men's - belt - red - medium,10.02,1,,,,,,,,,,,,,
91,men's - shirt - white - medium,81.17,1,,,,,,,,,,,,,
92,men's - shorts - white - medium,72.16,1,,,,,,,,,,,,,
93,men's - jeans - white - medium,100,1,,,,,,,,,,,,,
94,men's - shoes - white - medium,105.75,1,,,,,,,,,,,,,
95,men's - jacket - white - medium,91.14,1,,,,,,,,,,,,,
96,men's - coat - white - medium,32.79,1,,,,,,,,,,,,,
97,men's - wallet - white - medium,101.78,1,,,,,,,,,,,,,
98,men's - hat - white - medium,135.19,1,,,,,,,,,,,,,
99,men's - belt - white - medium,114.54,1,,,,,,,,,,,,,
100,men's - shirt - yellow - medium,82.94,1,,,,,,,,,,,,,
101,men's - shorts - yellow - medium,116.36,1,,,,,,,,,,,,,
102,men's - jeans - yellow - medium,185.55,1,,,,,,,,,,,,,
103,men's - shoes - yellow - medium,166.19,1,,,,,,,,,,,,,
104,men's - jacket - yellow - medium,91.73,1,,,,,,,,,,,,,
105,men's - coat - yellow - medium,54.9,1,,,,,,,,,,,,,
106,men's - wallet - yellow - medium,182.83,1,,,,,,,,,,,,,
107,men's - hat - yellow - medium,164.19,1,,,,,,,,,,,,,
108,men's - belt - yellow - medium,42.7,1,,,,,,,,,,,,,
109,men's - shirt - green - medium,31.74,1,,,,,,,,,,,,,
110,men's - shorts - green - medium,17.52,1,,,,,,,,,,,,,
111,men's - jeans - green - medium,14.37,1,,,,,,,,,,,,,
112,men's - shoes - green - medium,14.84,1,,,,,,,,,,,,,
113,men's - jacket - green - medium,124.36,1,,,,,,,,,,,,,
114,men's - coat - green - medium,70.34,1,,,,,,,,,,,,,
115,men's - wallet - green - medium,188.42,1,,,,,,,,,,,,,
116,men's - hat - green - medium,157.47,1,,,,,,,,,,,,,
117,men's - belt - green - medium,121.01,1,,,,,,,,,,,,,
118,men's - shirt - brown - medium,50.54,1,,,,,,,,,,,,,
119,men's - shorts - brown - medium,84.44,1,,,,,,,,,,,,,
120,men's - jeans - brown - medium,147.52,1,,,,,,,,,,,,,
121,men's - shoes - brown - medium,122.1,1,,,,,,,,,,,,,
122,men's - jacket - brown - medium,182.85,1,,,,,,,,,,,,,
123,men's - coat - brown - medium,169.24,1,,,,,,,,,,,,,
124,men's - wallet - brown - medium,15.43,1,,,,,,,,,,,,,
125,men's - hat - brown - medium,2.27,1,,,,,,,,,,,,,
126,men's - belt - brown - medium,184.64,1,,,,,,,,,,,,,
127,men's - shirt - blue - large,105.39,1,,,,,,,,,,,,,
128,men's - shorts - blue - large,84.36,1,,,,,,,,,,,,,
129,men's - jeans - blue - large,180.84,1,,,,,,,,,,,,,
130,men's - shoes - blue - large,99.51,1,,,,,,,,,,,,,
131,men's - jacket - blue - large,180.09,1,,,,,,,,,,,,,
132,men's - coat - blue - large,25.97,1,,,,,,,,,,,,,
133,men's - wallet - blue - large,102.39,1,,,,,,,,,,,,,
134,men's - hat - blue - large,149.72,1,,,,,,,,,,,,,
135,men's - belt - blue - large,62.09,1,,,,,,,,,,,,,
136,men's - shirt - black - large,33.93,1,,,,,,,,,,,,,
137,men's - shorts - black - large,198.53,1,,,,,,,,,,,,,
138,men's - jeans - black - large,151.78,1,,,,,,,,,,,,,
139,men's - shoes - black - large,165.66,1,,,,,,,,,,,,,
140,men's - jacket - black - large,38.64,1,,,,,,,,,,,,,
141,men's - coat - black - large,84.09,1,,,,,,,,,,,,,
142,men's - wallet - black - large,181.59,1,,,,,,,,,,,,,
143,men's - hat - black - large,45.55,1,,,,,,,,,,,,,
144,men's - belt - black - large,37.94,1,,,,,,,,,,,,,
145,men's - shirt - red - large,158.68,1,,,,,,,,,,,,,
146,men's - shorts - red - large,74.13,1,,,,,,,,,,,,,
147,men's - jeans - red - large,105.8,1,,,,,,,,,,,,,
148,men's - shoes - red - large,122.38,1,,,,,,,,,,,,,
149,men's - jacket - red - large,44.38,1,,,,,,,,,,,,,
150,men's - coat - red - large,139.37,1,,,,,,,,,,,,,
151,men's - wallet - red - large,177.38,1,,,,,,,,,,,,,
152,men's - hat - red - large,113.8,1,,,,,,,,,,,,,
153,men's - belt - red - large,101.38,1,,,,,,,,,,,,,
154,men's - shirt - white - large,44.31,1,,,,,,,,,,,,,
155,men's - shorts - white - large,86.35,1,,,,,,,,,,,,,
156,men's - jeans - white - large,147.42,1,,,,,,,,,,,,,
157,men's - shoes - white - large,46.01,1,,,,,,,,,,,,,
158,men's - jacket - white - large,108.99,1,,,,,,,,,,,,,
159,men's - coat - white - large,20.82,1,,,,,,,,,,,,,
160,men's - wallet - white - large,138.48,1,,,,,,,,,,,,,
161,men's - hat - white - large,4.15,1,,,,,,,,,,,,,
162,men's - belt - white - large,18.12,1,,,,,,,,,,,,,
163,men's - shirt - yellow - large,30.39,1,,,,,,,,,,,,,
164,men's - shorts - yellow - large,107.53,1,,,,,,,,,,,,,
165,men's - jeans - yellow - large,26.52,1,,,,,,,,,,,,,
166,men's - shoes - yellow - large,139.43,1,,,,,,,,,,,,,
167,men's - jacket - yellow - large,3.21,1,,,,,,,,,,,,,
168,men's - coat - yellow - large,127.52,1,,,,,,,,,,,,,
169,men's - wallet - yellow - large,160.08,1,,,,,,,,,,,,,
170,men's - hat - yellow - large,1.14,1,,,,,,,,,,,,,
171,men's - belt - yellow - large,110.25,1,,,,,,,,,,,,,
172,men's - shirt - green - large,183.36,1,,,,,,,,,,,,,
173,men's - shorts - green - large,106.95,1,,,,,,,,,,,,,
174,men's - jeans - green - large,173.95,1,,,,,,,,,,,,,
175,men's - shoes - green - large,166.37,1,,,,,,,,,,,,,
176,men's - jacket - green - large,3.46,1,,,,,,,,,,,,,
177,men's - coat - green - large,33.05,1,,,,,,,,,,,,,
178,men's - wallet - green - large,158.98,1,,,,,,,,,,,,,
179,men's - hat - green - large,113.39,1,,,,,,,,,,,,,
180,men's - belt - green - large,128.04,1,,,,,,,,,,,,,
181,men's - shirt - brown - large,6.3,1,,,,,,,,,,,,,
182,men's - shorts - brown - large,50.36,1,,,,,,,,,,,,,
183,men's - jeans - brown - large,134.28,1,,,,,,,,,,,,,
184,men's - shoes - brown - large,104.45,1,,,,,,,,,,,,,
185,men's - jacket - brown - large,172.37,1,,,,,,,,,,,,,
186,men's - coat - brown - large,177.68,1,,,,,,,,,,,,,
187,men's - wallet - brown - large,35.03,1,,,,,,,,,,,,,
188,men's - hat - brown - large,171.32,1,,,,,,,,,,,,,
189,men's - belt - brown - large,19.14,1,,,,,,,,,,,,,
190,women's - shirt - blue - small,40.47,1,,,,,,,,,,,,,
191,women's - shorts - blue - small,108.62,1,,,,,,,,,,,,,
192,women's - jeans - blue - small,157.08,1,,,,,,,,,,,,,
193,women's - shoes - blue - small,52.52,1,,,,,,,,,,,,,
194,women's - jacket - blue - small,135.02,1,,,,,,,,,,,,,
195,women's - coat - blue - small,90.65,1,,,,,,,,,,,,,
196,women's - wallet - blue - small,100.57,1,,,,,,,,,,,,,
197,women's - hat - blue - small,129.24,1,,,,,,,,,,,,,
198,women's - belt - blue - small,81.36,1,,,,,,,,,,,,,
199,women's - shirt - black - small,165.82,1,,,,,,,,,,,,,
200,women's - shorts - black - small,87.22,1,,,,,,,,,,,,,
201,women's - jeans - black - small,5.22,1,,,,,,,,,,,,,
202,women's - shoes - black - small,138.33,1,,,,,,,,,,,,,
203,women's - jacket - black - small,107.27,1,,,,,,,,,,,,,
204,women's - coat - black - small,95.11,1,,,,,,,,,,,,,
205,women's - wallet - black - small,112.98,1,,,,,,,,,,,,,
206,women's - hat - black - small,98.82,1,,,,,,,,,,,,,
207,women's - belt - black - small,81.96,1,,,,,,,,,,,,,
208,women's - shirt - red - small,119.55,1,,,,,,,,,,,,,
209,women's - shorts - red - small,25.91,1,,,,,,,,,,,,,
210,women's - jeans - red - small,161.52,1,,,,,,,,,,,,,
211,women's - shoes - red - small,112.63,1,,,,,,,,,,,,,
212,women's - jacket - red - small,75.57,1,,,,,,,,,,,,,
213,women's - coat - red - small,113.9,1,,,,,,,,,,,,,
214,women's - wallet - red - small,47.11,1,,,,,,,,,,,,,
215,women's - hat - red - small,150.52,1,,,,,,,,,,,,,
216,women's - belt - red - small,153.15,1,,,,,,,,,,,,,
217,women's - shirt - white - small,187.2,1,,,,,,,,,,,,,
218,women's - shorts - white - small,7.73,1,,,,,,,,,,,,,
219,women's - jeans - white - small,50.54,1,,,,,,,,,,,,,
220,women's - shoes - white - small,41.21,1,,,,,,,,,,,,,
221,women's - jacket - white - small,76.71,1,,,,,,,,,,,,,
222,women's - coat - white - small,115.36,1,,,,,,,,,,,,,
223,women's - wallet - white - small,12.75,1,,,,,,,,,,,,,
224,women's - hat - white - small,169.78,1,,,,,,,,,,,,,
225,women's - belt - white - small,29.73,1,,,,,,,,,,,,,
226,women's - shirt - yellow - small,48.66,1,,,,,,,,,,,,,
227,women's - shorts - yellow - small,113.86,1,,,,,,,,,,,,,
228,women's - jeans - yellow - small,29.58,1,,,,,,,,,,,,,
229,women's - shoes - yellow - small,100.23,1,,,,,,,,,,,,,
230,women's - jacket - yellow - small,62.34,1,,,,,,,,,,,,,
231,women's - coat - yellow - small,66.73,1,,,,,,,,,,,,,
232,women's - wallet - yellow - small,96.07,1,,,,,,,,,,,,,
233,women's - hat - yellow - small,196.51,1,,,,,,,,,,,,,
234,women's - belt - yellow - small,109.23,1,,,,,,,,,,,,,
235,women's - shirt - green - small,26.94,1,,,,,,,,,,,,,
236,women's - shorts - green - small,101.94,1,,,,,,,,,,,,,
237,women's - jeans - green - small,45.48,1,,,,,,,,,,,,,
238,women's - shoes - green - small,9.16,1,,,,,,,,,,,,,
239,women's - jacket - green - small,53.23,1,,,,,,,,,,,,,
240,women's - coat - green - small,189.87,1,,,,,,,,,,,,,
241,women's - wallet - green - small,115.1,1,,,,,,,,,,,,,
242,women's - hat - green - small,67.26,1,,,,,,,,,,,,,
243,women's - belt - green - small,155.61,1,,,,,,,,,,,,,
244,women's - shirt - brown - small,92.92,1,,,,,,,,,,,,,
245,women's - shorts - brown - small,110.72,1,,,,,,,,,,,,,
246,women's - jeans - brown - small,109.99,1,,,,,,,,,,,,,
247,women's - shoes - brown - small,52,1,,,,,,,,,,,,,
248,women's - jacket - brown - small,178.72,1,,,,,,,,,,,,,
249,women's - coat - brown - small,88.28,1,,,,,,,,,,,,,
250,women's - wallet - brown - small,41.33,1,,,,,,,,,,,,,
251,women's - hat - brown - small,154.48,1,,,,,,,,,,,,,
252,women's - belt - brown - small,1.59,1,,,,,,,,,,,,,
253,women's - shirt - blue - medium,25.1,1,,,,,,,,,,,,,
254,women's - shorts - blue - medium,50.71,1,,,,,,,,,,,,,
255,women's - jeans - blue - medium,57.47,1,,,,,,,,,,,,,
256,women's - shoes - blue - medium,7.44,1,,,,,,,,,,,,,
257,women's - jacket - blue - medium,71.71,1,,,,,,,,,,,,,
258,women's - coat - blue - medium,67.47,1,,,,,,,,,,,,,
259,women's - wallet - blue - medium,20.75,1,,,,,,,,,,,,,
260,women's - hat - blue - medium,142.39,1,,,,,,,,,,,,,
261,women's - belt - blue - medium,144.62,1,,,,,,,,,,,,,
262,women's - shirt - black - medium,5.26,1,,,,,,,,,,,,,
263,women's - shorts - black - medium,99.52,1,,,,,,,,,,,,,
264,women's - jeans - black - medium,64.67,1,,,,,,,,,,,,,
265,women's - shoes - black - medium,133.37,1,,,,,,,,,,,,,
266,women's - jacket - black - medium,103.55,1,,,,,,,,,,,,,
267,women's - coat - black - medium,76.86,1,,,,,,,,,,,,,
268,women's - wallet - black - medium,173.01,1,,,,,,,,,,,,,
269,women's - hat - black - medium,53.3,1,,,,,,,,,,,,,
270,women's - belt - black - medium,161.83,1,,,,,,,,,,,,,
271,women's - shirt - red - medium,144.57,1,,,,,,,,,,,,,
272,women's - shorts - red - medium,125.58,1,,,,,,,,,,,,,
273,women's - jeans - red - medium,55.09,1,,,,,,,,,,,,,
274,women's - shoes - red - medium,108.7,1,,,,,,,,,,,,,
275,women's - jacket - red - medium,174.33,1,,,,,,,,,,,,,
276,women's - coat - red - medium,98.71,1,,,,,,,,,,,,,
277,women's - wallet - red - medium,144.2,1,,,,,,,,,,,,,
278,women's - hat - red - medium,151.24,1,,,,,,,,,,,,,
279,women's - belt - red - medium,5.8,1,,,,,,,,,,,,,
280,women's - shirt - white - medium,186.92,1,,,,,,,,,,,,,
281,women's - shorts - white - medium,165.4,1,,,,,,,,,,,,,
282,women's - jeans - white - medium,101.25,1,,,,,,,,,,,,,
283,women's - shoes - white - medium,167.18,1,,,,,,,,,,,,,
284,women's - jacket - white - medium,191.56,1,,,,,,,,,,,,,
285,women's - coat - white - medium,103.95,1,,,,,,,,,,,,,
286,women's - wallet - white - medium,147.06,1,,,,,,,,,,,,,
287,women's - hat - white - medium,135.81,1,,,,,,,,,,,,,
288,women's - belt - white - medium,144.53,1,,,,,,,,,,,,,
289,women's - shirt - yellow - medium,130.63,1,,,,,,,,,,,,,
290,women's - shorts - yellow - medium,102.61,1,,,,,,,,,,,,,
291,women's - jeans - yellow - medium,6.34,1,,,,,,,,,,,,,
292,women's - shoes - yellow - medium,14.29,1,,,,,,,,,,,,,
293,women's - jacket - yellow - medium,145.8,1,,,,,,,,,,,,,
294,women's - coat - yellow - medium,4.11,1,,,,,,,,,,,,,
295,women's - wallet - yellow - medium,163.63,1,,,,,,,,,,,,,
296,women's - hat - yellow - medium,173.03,1,,,,,,,,,,,,,
297,women's - belt - yellow - medium,45.01,1,,,,,,,,,,,,,
298,women's - shirt - green - medium,158.25,1,,,,,,,,,,,,,
299,women's - shorts - green - medium,154.5,1,,,,,,,,,,,,,
300,women's - jeans - green - medium,145.11,1,,,,,,,,,,,,,
301,women's - shoes - green - medium,22.67,1,,,,,,,,,,,,,
302,women's - jacket - green - medium,24.11,1,,,,,,,,,,,,,
303,women's - coat - green - medium,75.78,1,,,,,,,,,,,,,
304,women's - wallet - green - medium,159.18,1,,,,,,,,,,,,,
305,women's - hat - green - medium,100.26,1,,,,,,,,,,,,,
306,women's - belt - green - medium,45.15,1,,,,,,,,,,,,,
307,women's - shirt - brown - medium,75.19,1,,,,,,,,,,,,,
308,women's - shorts - brown - medium,134.13,1,,,,,,,,,,,,,
309,women's - jeans - brown - medium,29.05,1,,,,,,,,,,,,,
310,women's - shoes - brown - medium,149.33,1,,,,,,,,,,,,,
311,women's - jacket - brown - medium,26.21,1,,,,,,,,,,,,,
312,women's - coat - brown - medium,28.49,1,,,,,,,,,,,,,
313,women's - wallet - brown - medium,1.74,1,,,,,,,,,,,,,
314,women's - hat - brown - medium,124.03,1,,,,,,,,,,,,,
315,women's - belt - brown - medium,72.87,1,,,,,,,,,,,,,
316,women's - shirt - blue - large,193.45,1,,,,,,,,,,,,,
317,women's - shorts - blue - large,61.2,1,,,,,,,,,,,,,
318,women's - jeans - blue - large,138.92,1,,,,,,,,,,,,,
319,women's - shoes - blue - large,184.32,1,,,,,,,,,,,,,
320,women's - jacket - blue - large,118.38,1,,,,,,,,,,,,,
321,women's - coat - blue - large,103.42,1,,,,,,,,,,,,,
322,women's - wallet - blue - large,138.68,1,,,,,,,,,,,,,
323,women's - hat - blue - large,150.66,1,,,,,,,,,,,,,
324,women's - belt - blue - large,83.13,1,,,,,,,,,,,,,
325,women's - shirt - black - large,22.73,1,,,,,,,,,,,,,
326,women's - shorts - black - large,160.38,1,,,,,,,,,,,,,
327,women's - jeans - black - large,6.68,1,,,,,,,,,,,,,
328,women's - shoes - black - large,181.44,1,,,,,,,,,,,,,
329,women's - jacket - black - large,82.37,1,,,,,,,,,,,,,
330,women's - coat - black - large,21.61,1,,,,,,,,,,,,,
331,women's - wallet - black - large,135.4,1,,,,,,,,,,,,,
332,women's - hat - black - large,178.63,1,,,,,,,,,,,,,
333,women's - belt - black - large,64.37,1,,,,,,,,,,,,,
334,women's - shirt - red - large,169.26,1,,,,,,,,,,,,,
335,women's - shorts - red - large,39.92,1,,,,,,,,,,,,,
336,women's - jeans - red - large,120.08,1,,,,,,,,,,,,,
337,women's - shoes - red - large,99.21,1,,,,,,,,,,,,,
338,women's - jacket - red - large,76.15,1,,,,,,,,,,,,,
339,women's - coat - red - large,45.34,1,,,,,,,,,,,,,
340,women's - wallet - red - large,142.94,1,,,,,,,,,,,,,
341,women's - hat - red - large,63.85,1,,,,,,,,,,,,,
342,women's - belt - red - large,33.74,1,,,,,,,,,,,,,
343,women's - shirt - white - large,195.48,1,,,,,,,,,,,,,
344,women's - shorts - white - large,87.11,1,,,,,,,,,,,,,
345,women's - jeans - white - large,52.19,1,,,,,,,,,,,,,
346,women's - shoes - white - large,35.03,1,,,,,,,,,,,,,
347,women's - jacket - white - large,62.92,1,,,,,,,,,,,,,
348,women's - coat - white - large,31.94,1,,,,,,,,,,,,,
349,women's - wallet - white - large,107.84,1,,,,,,,,,,,,,
350,women's - hat - white - large,149.04,1,,,,,,,,,,,,,
351,women's - belt - white - large,151.98,1,,,,,,,,,,,,,
352,women's - shirt - yellow - large,88.24,1,,,,,,,,,,,,,
353,women's - shorts - yellow - large,160.19,1,,,,,,,,,,,,,
354,women's - jeans - yellow - large,31.53,1,,,,,,,,,,,,,
355,women's - shoes - yellow - large,112.97,1,,,,,,,,,,,,,
356,women's - jacket - yellow - large,103.58,1,,,,,,,,,,,,,
357,women's - coat - yellow - large,52.57,1,,,,,,,,,,,,,
358,women's - wallet - yellow - large,48.22,1,,,,,,,,,,,,,
359,women's - hat - yellow - large,122.37,1,,,,,,,,,,,,,
360,women's - belt - yellow - large,60.17,1,,,,,,,,,,,,,
361,women's - shirt - green - large,126.26,1,,,,,,,,,,,,,
362,women's - shorts - green - large,131,1,,,,,,,,,,,,,
363,women's - jeans - green - large,173.17,1,,,,,,,,,,,,,
364,women's - shoes - green - large,58.49,1,,,,,,,,,,,,,
365,women's - jacket - green - large,142.02,1,,,,,,,,,,,,,
366,women's - coat - green - large,118.01,1,,,,,,,,,,,,,
367,women's - wallet - green - large,126.07,1,,,,,,,,,,,,,
368,women's - hat - green - large,108.19,1,,,,,,,,,,,,,
369,women's - belt - green - large,8.89,1,,,,,,,,,,,,,
370,women's - shirt - brown - large,180.38,1,,,,,,,,,,,,,
371,women's - shorts - brown - large,74.32,1,,,,,,,,,,,,,
372,women's - jeans - brown - large,16.75,1,,,,,,,,,,,,,
373,women's - shoes - brown - large,149.54,1,,,,,,,,,,,,,
374,women's - jacket - brown - large,85.63,1,,,,,,,,,,,,,
375,women's - coat - brown - large,181.2,1,,,,,,,,,,,,,
376,women's - wallet - brown - large,37.97,1,,,,,,,,,,,,,
377,women's - hat - brown - large,200.98,1,,,,,,,,,,,,,
378,women's - belt - brown - large,44.12,1,,,,,,,,,,,,,
379,children's - shirt - blue - small,194.83,1,,,,,,,,,,,,,
380,children's - shorts - blue - small,42.1,1,,,,,,,,,,,,,
381,children's - jeans - blue - small,10.38,1,,,,,,,,,,,,,
382,children's - shoes - blue - small,66.39,1,,,,,,,,,,,,,
383,children's - jacket - blue - small,76.93,1,,,,,,,,,,,,,
384,children's - coat - blue - small,199.29,1,,,,,,,,,,,,,
385,children's - wallet - blue - small,96.28,1,,,,,,,,,,,,,
386,children's - hat - blue - small,112.69,1,,,,,,,,,,,,,
387,children's - belt - blue - small,1.96,1,,,,,,,,,,,,,
388,children's - shirt - black - small,31.94,1,,,,,,,,,,,,,
389,children's - shorts - black - small,13.65,1,,,,,,,,,,,,,
390,children's - jeans - black - small,59.18,1,,,,,,,,,,,,,
391,children's - shoes - black - small,33.31,1,,,,,,,,,,,,,
392,children's - jacket - black - small,183.34,1,,,,,,,,,,,,,
393,children's - coat - black - small,184.67,1,,,,,,,,,,,,,
394,children's - wallet - black - small,37.75,1,,,,,,,,,,,,,
395,children's - hat - black - small,101.98,1,,,,,,,,,,,,,
396,children's - belt - black - small,69.61,1,,,,,,,,,,,,,
397,children's - shirt - red - small,193.52,1,,,,,,,,,,,,,
398,children's - shorts - red - small,16.26,1,,,,,,,,,,,,,
399,children's - jeans - red - small,193.61,1,,,,,,,,,,,,,
400,children's - shoes - red - small,160.47,1,,,,,,,,,,,,,
401,children's - jacket - red - small,18.25,1,,,,,,,,,,,,,
402,children's - coat - red - small,101.33,1,,,,,,,,,,,,,
403,children's - wallet - red - small,88.31,1,,,,,,,,,,,,,
404,children's - hat - red - small,27.1,1,,,,,,,,,,,,,
405,children's - belt - red - small,185.83,1,,,,,,,,,,,,,
406,children's - shirt - white - small,37.65,1,,,,,,,,,,,,,
407,children's - shorts - white - small,192.24,1,,,,,,,,,,,,,
408,children's - jeans - white - small,170.02,1,,,,,,,,,,,,,
409,children's - shoes - white - small,5.68,1,,,,,,,,,,,,,
410,children's - jacket - white - small,95.74,1,,,,,,,,,,,,,
411,children's - coat - white - small,39.25,1,,,,,,,,,,,,,
412,children's - wallet - white - small,1.17,1,,,,,,,,,,,,,
413,children's - hat - white - small,67.97,1,,,,,,,,,,,,,
414,children's - belt - white - small,87.3,1,,,,,,,,,,,,,
415,children's - shirt - yellow - small,53.56,1,,,,,,,,,,,,,
416,children's - shorts - yellow - small,102.3,1,,,,,,,,,,,,,
417,children's - jeans - yellow - small,141.86,1,,,,,,,,,,,,,
418,children's - shoes - yellow - small,28.08,1,,,,,,,,,,,,,
419,children's - jacket - yellow - small,70.11,1,,,,,,,,,,,,,
420,children's - coat - yellow - small,107.87,1,,,,,,,,,,,,,
421,children's - wallet - yellow - small,18.07,1,,,,,,,,,,,,,
422,children's - hat - yellow - small,42.81,1,,,,,,,,,,,,,
423,children's - belt - yellow - small,103.18,1,,,,,,,,,,,,,
424,children's - shirt - green - small,142.61,1,,,,,,,,,,,,,
425,children's - shorts - green - small,198.4,1,,,,,,,,,,,,,
426,children's - jeans - green - small,92.94,1,,,,,,,,,,,,,
427,children's - shoes - green - small,186.43,1,,,,,,,,,,,,,
428,children's - jacket - green - small,191.28,1,,,,,,,,,,,,,
429,children's - coat - green - small,160.67,1,,,,,,,,,,,,,
430,children's - wallet - green - small,160.01,1,,,,,,,,,,,,,
431,children's - hat - green - small,200.4,1,,,,,,,,,,,,,
432,children's - belt - green - small,180.38,1,,,,,,,,,,,,,
433,children's - shirt - brown - small,66.73,1,,,,,,,,,,,,,
434,children's - shorts - brown - small,58.57,1,,,,,,,,,,,,,
435,children's - jeans - brown - small,155.45,1,,,,,,,,,,,,,
436,children's - shoes - brown - small,3.2,1,,,,,,,,,,,,,
437,children's - jacket - brown - small,194.41,1,,,,,,,,,,,,,
438,children's - coat - brown - small,118.83,1,,,,,,,,,,,,,
439,children's - wallet - brown - small,150.35,1,,,,,,,,,,,,,
440,children's - hat - brown - small,67.87,1,,,,,,,,,,,,,
441,children's - belt - brown - small,152.43,1,,,,,,,,,,,,,
442,children's - shirt - blue - medium,198.66,1,,,,,,,,,,,,,
443,children's - shorts - blue - medium,182.92,1,,,,,,,,,,,,,
444,children's - jeans - blue - medium,74.15,1,,,,,,,,,,,,,
445,children's - shoes - blue - medium,119.23,1,,,,,,,,,,,,,
446,children's - jacket - blue - medium,66.64,1,,,,,,,,,,,,,
447,children's - coat - blue - medium,34.22,1,,,,,,,,,,,,,
448,children's - wallet - blue - medium,6.02,1,,,,,,,,,,,,,
449,children's - hat - blue - medium,108.36,1,,,,,,,,,,,,,
450,children's - belt - blue - medium,10.04,1,,,,,,,,,,,,,
451,children's - shirt - black - medium,142.03,1,,,,,,,,,,,,,
452,children's - shorts - black - medium,162.36,1,,,,,,,,,,,,,
453,children's - jeans - black - medium,2.99,1,,,,,,,,,,,,,
454,children's - shoes - black - medium,113.3,1,,,,,,,,,,,,,
455,children's - jacket - black - medium,154.16,1,,,,,,,,,,,,,
456,children's - coat - black - medium,184.95,1,,,,,,,,,,,,,
457,children's - wallet - black - medium,42.21,1,,,,,,,,,,,,,
458,children's - hat - black - medium,28.26,1,,,,,,,,,,,,,
459,children's - belt - black - medium,97.14,1,,,,,,,,,,,,,
460,children's - shirt - red - medium,69.78,1,,,,,,,,,,,,,
461,children's - shorts - red - medium,6.66,1,,,,,,,,,,,,,
462,children's - jeans - red - medium,14.56,1,,,,,,,,,,,,,
463,children's - shoes - red - medium,85.84,1,,,,,,,,,,,,,
464,children's - jacket - red - medium,90.35,1,,,,,,,,,,,,,
465,children's - coat - red - medium,180.15,1,,,,,,,,,,,,,
466,children's - wallet - red - medium,25.9,1,,,,,,,,,,,,,
467,children's - hat - red - medium,104.27,1,,,,,,,,,,,,,
468,children's - belt - red - medium,182.99,1,,,,,,,,,,,,,
469,children's - shirt - white - medium,58.79,1,,,,,,,,,,,,,
470,children's - shorts - white - medium,151.49,1,,,,,,,,,,,,,
471,children's - jeans - white - medium,81.69,1,,,,,,,,,,,,,
472,children's - shoes - white - medium,48.72,1,,,,,,,,,,,,,
473,children's - jacket - white - medium,175.82,1,,,,,,,,,,,,,
474,children's - coat - white - medium,14.47,1,,,,,,,,,,,,,
475,children's - wallet - white - medium,44.71,1,,,,,,,,,,,,,
476,children's - hat - white - medium,130.31,1,,,,,,,,,,,,,
477,children's - belt - white - medium,106.17,1,,,,,,,,,,,,,
478,children's - shirt - yellow - medium,142.33,1,,,,,,,,,,,,,
479,children's - shorts - yellow - medium,44.58,1,,,,,,,,,,,,,
480,children's - jeans - yellow - medium,90.45,1,,,,,,,,,,,,,
481,children's - shoes - yellow - medium,186.48,1,,,,,,,,,,,,,
482,children's - jacket - yellow - medium,35.45,1,,,,,,,,,,,,,
483,children's - coat - yellow - medium,42.05,1,,,,,,,,,,,,,
484,children's - wallet - yellow - medium,131.7,1,,,,,,,,,,,,,
485,children's - hat - yellow - medium,150.13,1,,,,,,,,,,,,,
486,children's - belt - yellow - medium,33.66,1,,,,,,,,,,,,,
487,children's - shirt - green - medium,146.43,1,,,,,,,,,,,,,
488,children's - shorts - green - medium,145.85,1,,,,,,,,,,,,,
489,children's - jeans - green - medium,155.21,1,,,,,,,,,,,,,
490,children's - shoes - green - medium,197.77,1,,,,,,,,,,,,,
491,children's - jacket - green - medium,154.08,1,,,,,,,,,,,,,
492,children's - coat - green - medium,96.96,1,,,,,,,,,,,,,
493,children's - wallet - green - medium,162.65,1,,,,,,,,,,,,,
494,children's - hat - green - medium,16.01,1,,,,,,,,,,,,,
495,children's - belt - green - medium,15.64,1,,,,,,,,,,,,,
496,children's - shirt - brown - medium,172.48,1,,,,,,,,,,,,,
497,children's - shorts - brown - medium,143.35,1,,,,,,,,,,,,,
498,women's - winter gloves - red - large,32.89,1,,,,,,,,,,,,,
499,women's - sneakers - white - large,98.23,1,,,,,,,,,,,,,
500,women's - mittens - white - large,19.42,1,,,,,,,,,,,,,
501,women's - scarf - yellow - large,63.72,1,,,,,,,,,,,,,
502,women's - boots - brown - large,112.75,1,,,,,,,,,,,,,
503,women's - ear muffs - brown - large,117.46,1,,,,,,,,,,,,,
504,children's - gloves - blue - small,113.65,1,,,,,,,,,,,,,
505,children's - winter gloves - blue - small,72.91,1,,,,,,,,,,,,,
506,children's - sneakers - black - small,122.38,1,,,,,,,,,,,,,
507,children's - mittens - black - small,32.89,1,,,,,,,,,,,,,
508,children's - scarf - red - small,98.23,1,,,,,,,,,,,,,
509,children's - boots - white - small,19.42,1,,,,,,,,,,,,,
510,children's - ear muffs - white - small,63.72,1,,,,,,,,,,,,,
511,children's - gloves - yellow - small,112.75,1,,,,,,,,,,,,,
512,children's - winter gloves - yellow - small,117.46,1,,,,,,,,,,,,,
513,children's - sneakers - brown - small,113.65,2,,,,,,,,,,,,,
514,children's - mittens - brown - small,72.91,2,,,,,,,,,,,,,
515,children's - scarf - blue - medium,122.38,2,,,,,,,,,,,,,
516,children's - boots - black - medium,32.89,2,,,,,,,,,,,,,
517,children's - ear muffs - black - medium,98.23,2,,,,,,,,,,,,,
518,children's - gloves - red - medium,19.42,2,,,,,,,,,,,,,
519,children's - winter gloves - red - medium,63.72,2,,,,,,,,,,,,,
520,children's - sneakers - white - medium,112.75,2,,,,,,,,,,,,,
521,children's - mittens - white - medium,117.46,2,,,,,,,,,,,,,
522,children's - scarf - yellow - medium,113.65,2,,,,,,,,,,,,,
523,children's - boots - brown - medium,72.91,2,,,,,,,,,,,,,
524,children's - ear muffs - brown - medium,122.38,2,,,,,,,,,,,,,
525,children's - gloves - blue - large,32.89,2,,,,,,,,,,,,,
526,children's - winter gloves - blue - large,98.23,2,,,,,,,,,,,,,
527,children's - sneakers - black - large,19.42,2,,,,,,,,,,,,,
528,children's - mittens - black - large,63.72,2,,,,,,,,,,,,,
529,children's - scarf - red - large,112.75,2,,,,,,,,,,,,,
530,children's - boots - white - large,117.46,2,,,,,,,,,,,,,
531,children's - ear muffs - white - large,113.65,2,,,,,,,,,,,,,
532,children's - gloves - yellow - large,72.91,2,,,,,,,,,,,,,
533,children's - winter gloves - yellow - large,122.38,2,,,,,,,,,,,,,
534,children's - sneakers - brown - large,122.27,2,,,,,,,,,,,,,
535,children's - mittens - brown - large,161.23,2,,,,,,,,,,,,,
536,children's - jeans - brown - medium,195.38,2,,,,,,,,,,,,,
537,children's - shoes - brown - medium,24.36,2,,,,,,,,,,,,,
538,children's - jacket - brown - medium,88.37,2,,,,,,,,,,,,,
539,children's - coat - brown - medium,146.37,2,,,,,,,,,,,,,
540,children's - wallet - brown - medium,94.71,2,,,,,,,,,,,,,
541,children's - hat - brown - medium,81.68,2,,,,,,,,,,,,,
542,children's - belt - brown - medium,183.97,2,,,,,,,,,,,,,
543,children's - shirt - blue - large,135.21,2,,,,,,,,,,,,,
544,children's - shorts - blue - large,3.31,2,,,,,,,,,,,,,
545,children's - jeans - blue - large,39.72,2,,,,,,,,,,,,,
546,children's - shoes - blue - large,107.04,2,,,,,,,,,,,,,
547,children's - jacket - blue - large,137.63,2,,,,,,,,,,,,,
548,children's - coat - blue - large,70.92,2,,,,,,,,,,,,,
549,children's - wallet - blue - large,124.22,2,,,,,,,,,,,,,
550,children's - hat - blue - large,187.87,2,,,,,,,,,,,,,
551,children's - belt - blue - large,53.98,2,,,,,,,,,,,,,
552,children's - shirt - black - large,197,2,,,,,,,,,,,,,
553,children's - shorts - black - large,2.53,2,,,,,,,,,,,,,
554,children's - jeans - black - large,7.05,2,,,,,,,,,,,,,
555,children's - shoes - black - large,141.64,2,,,,,,,,,,,,,
556,children's - jacket - black - large,189.07,2,,,,,,,,,,,,,
557,children's - coat - black - large,32.02,2,,,,,,,,,,,,,
558,children's - wallet - black - large,18.52,2,,,,,,,,,,,,,
559,children's - hat - black - large,117.34,2,,,,,,,,,,,,,
560,children's - belt - black - large,2.1,2,,,,,,,,,,,,,
561,children's - shirt - red - large,8.39,2,,,,,,,,,,,,,
562,children's - shorts - red - large,103.09,2,,,,,,,,,,,,,
563,children's - jeans - red - large,117.11,2,,,,,,,,,,,,,
564,children's - shoes - red - large,45.89,2,,,,,,,,,,,,,
565,children's - jacket - red - large,149.53,2,,,,,,,,,,,,,
566,children's - coat - red - large,198.85,2,,,,,,,,,,,,,
567,children's - wallet - red - large,48.39,2,,,,,,,,,,,,,
568,children's - hat - red - large,44.21,2,,,,,,,,,,,,,
569,children's - belt - red - large,167.1,2,,,,,,,,,,,,,
570,children's - shirt - white - large,100.64,2,,,,,,,,,,,,,
571,children's - shorts - white - large,46.64,2,,,,,,,,,,,,,
572,children's - jeans - white - large,69.34,2,,,,,,,,,,,,,
573,children's - shoes - white - large,109.95,2,,,,,,,,,,,,,
574,children's - jacket - white - large,120.26,2,,,,,,,,,,,,,
575,children's - coat - white - large,133.61,2,,,,,,,,,,,,,
576,children's - wallet - white - large,148.16,2,,,,,,,,,,,,,
577,children's - hat - white - large,51.13,2,,,,,,,,,,,,,
578,children's - belt - white - large,34.81,2,,,,,,,,,,,,,
579,children's - shirt - yellow - large,141.76,2,,,,,,,,,,,,,
580,children's - shorts - yellow - large,52.15,2,,,,,,,,,,,,,
581,children's - jeans - yellow - large,107.63,2,,,,,,,,,,,,,
582,children's - shoes - yellow - large,13.83,2,,,,,,,,,,,,,
583,children's - jacket - yellow - large,174.5,2,,,,,,,,,,,,,
584,children's - coat - yellow - large,196.9,2,,,,,,,,,,,,,
585,children's - wallet - yellow - large,86.3,2,,,,,,,,,,,,,
586,children's - hat - yellow - large,61.56,2,,,,,,,,,,,,,
587,children's - belt - yellow - large,129.96,2,,,,,,,,,,,,,
588,children's - shirt - green - large,150.53,2,,,,,,,,,,,,,
589,children's - shorts - green - large,50.62,2,,,,,,,,,,,,,
590,children's - jeans - green - large,163.67,2,,,,,,,,,,,,,
591,children's - shoes - green - large,168.12,2,,,,,,,,,,,,,
592,children's - jacket - green - large,105.31,2,,,,,,,,,,,,,
593,children's - coat - green - large,92.87,2,,,,,,,,,,,,,
594,children's - wallet - green - large,37.87,2,,,,,,,,,,,,,
595,children's - hat - green - large,89.7,2,,,,,,,,,,,,,
596,children's - belt - green - large,124.03,2,,,,,,,,,,,,,
597,children's - shirt - brown - large,153.52,2,,,,,,,,,,,,,
598,children's - shorts - brown - large,169.74,2,,,,,,,,,,,,,
599,children's - jeans - brown - large,13.05,2,,,,,,,,,,,,,
600,children's - shoes - brown - large,32.21,2,,,,,,,,,,,,,
601,children's - jacket - brown - large,20.14,2,,,,,,,,,,,,,
602,children's - coat - brown - large,27.69,2,,,,,,,,,,,,,
603,children's - wallet - brown - large,16.27,2,,,,,,,,,,,,,
604,children's - hat - brown - large,92.73,2,,,,,,,,,,,,,
605,children's - belt - brown - large,33.16,2,,,,,,,,,,,,,
606,men's - boots - blue - small,124.48,2,,,,,,,,,,,,,
607,men's - gloves - blue - small,119.02,2,,,,,,,,,,,,,
608,men's - sneakers - blue - small,122.55,2,,,,,,,,,,,,,
609,men's - scarf - blue - small,160.16,2,,,,,,,,,,,,,
610,men's - ear muffs - blue - small,34.05,2,,,,,,,,,,,,,
611,men's - winter gloves - blue - small,30.37,2,,,,,,,,,,,,,
612,men's - mittens - blue - small,44.61,2,,,,,,,,,,,,,
613,men's - boots - black - small,44.89,2,,,,,,,,,,,,,
614,men's - gloves - black - small,118.48,2,,,,,,,,,,,,,
615,men's - sneakers - black - small,161.67,2,,,,,,,,,,,,,
616,men's - scarf - black - small,25.66,2,,,,,,,,,,,,,
617,men's - ear muffs - black - small,41.73,2,,,,,,,,,,,,,
618,men's - winter gloves - black - small,3.47,2,,,,,,,,,,,,,
619,men's - mittens - black - small,156.92,2,,,,,,,,,,,,,
620,men's - boots - red - small,158.1,2,,,,,,,,,,,,,
621,men's - gloves - red - small,100.61,2,,,,,,,,,,,,,
622,men's - sneakers - red - small,48.53,2,,,,,,,,,,,,,
623,men's - scarf - red - small,176.22,2,,,,,,,,,,,,,
624,men's - ear muffs - red - small,38.08,2,,,,,,,,,,,,,
625,men's - winter gloves - red - small,147.89,2,,,,,,,,,,,,,
626,men's - mittens - red - small,79.73,2,,,,,,,,,,,,,
627,men's - boots - white - small,188.08,2,,,,,,,,,,,,,
628,men's - gloves - white - small,18.27,2,,,,,,,,,,,,,
629,men's - sneakers - white - small,57.06,2,,,,,,,,,,,,,
630,men's - scarf - white - small,3.48,2,,,,,,,,,,,,,
631,men's - ear muffs - white - small,130.1,2,,,,,,,,,,,,,
632,men's - winter gloves - white - small,178.17,2,,,,,,,,,,,,,
633,men's - mittens - white - small,131.33,2,,,,,,,,,,,,,
634,men's - boots - yellow - small,164.51,2,,,,,,,,,,,,,
635,men's - gloves - yellow - small,100.93,2,,,,,,,,,,,,,
636,women's - mittens - red - large,88.43,2,,,,,,,,,,,,,
637,women's - scarf - white - large,16.25,2,,,,,,,,,,,,,
638,women's - boots - yellow - large,62.73,2,,,,,,,,,,,,,
639,women's - ear muffs - yellow - large,118.96,2,,,,,,,,,,,,,
640,women's - gloves - brown - large,25.23,2,,,,,,,,,,,,,
641,women's - winter gloves - brown - large,26.31,2,,,,,,,,,,,,,
642,children's - sneakers - blue - small,25.06,2,,,,,,,,,,,,,
643,children's - mittens - blue - small,113.03,2,,,,,,,,,,,,,
644,children's - scarf - black - small,2.81,2,,,,,,,,,,,,,
645,children's - boots - red - small,88.43,2,,,,,,,,,,,,,
646,children's - ear muffs - red - small,16.25,2,,,,,,,,,,,,,
647,children's - gloves - white - small,62.73,2,,,,,,,,,,,,,
648,children's - winter gloves - white - small,118.96,2,,,,,,,,,,,,,
649,children's - sneakers - yellow - small,25.23,2,,,,,,,,,,,,,
650,children's - mittens - yellow - small,26.31,2,,,,,,,,,,,,,
651,children's - scarf - brown - small,25.06,2,,,,,,,,,,,,,
652,children's - boots - blue - medium,113.03,2,,,,,,,,,,,,,
653,children's - ear muffs - blue - medium,2.81,2,,,,,,,,,,,,,
654,children's - gloves - black - medium,88.43,2,,,,,,,,,,,,,
655,children's - winter gloves - black - medium,16.25,2,,,,,,,,,,,,,
656,children's - sneakers - red - medium,62.73,2,,,,,,,,,,,,,
657,children's - mittens - red - medium,118.96,2,,,,,,,,,,,,,
658,children's - scarf - white - medium,25.23,2,,,,,,,,,,,,,
659,children's - boots - yellow - medium,26.31,2,,,,,,,,,,,,,
660,children's - ear muffs - yellow - medium,25.06,2,,,,,,,,,,,,,
661,children's - gloves - brown - medium,113.03,2,,,,,,,,,,,,,
662,children's - winter gloves - brown - medium,2.81,2,,,,,,,,,,,,,
663,children's - sneakers - blue - large,88.43,2,,,,,,,,,,,,,
664,children's - mittens - blue - large,16.25,2,,,,,,,,,,,,,
665,children's - scarf - black - large,62.73,2,,,,,,,,,,,,,
666,children's - boots - red - large,118.96,2,,,,,,,,,,,,,
667,children's - ear muffs - red - large,25.23,2,,,,,,,,,,,,,
668,children's - gloves - white - large,26.31,2,,,,,,,,,,,,,
669,children's - winter gloves - white - large,25.06,2,,,,,,,,,,,,,
670,children's - sneakers - yellow - large,113.03,2,,,,,,,,,,,,,
671,children's - mittens - yellow - large,2.81,2,,,,,,,,,,,,,
672,children's - scarf - brown - large,113.65,2,,,,,,,,,,,,,
673,men's - sneakers - yellow - small,186.07,3,,,,,,,,,,,,,
674,men's - scarf - yellow - small,77.74,3,,,,,,,,,,,,,
675,men's - ear muffs - yellow - small,56.36,3,,,,,,,,,,,,,
676,men's - winter gloves - yellow - small,142.1,3,,,,,,,,,,,,,
677,men's - mittens - yellow - small,109.23,3,,,,,,,,,,,,,
678,men's - boots - brown - small,94.29,3,,,,,,,,,,,,,
679,men's - gloves - brown - small,185.5,3,,,,,,,,,,,,,
680,men's - sneakers - brown - small,165.42,3,,,,,,,,,,,,,
681,men's - scarf - brown - small,195.7,3,,,,,,,,,,,,,
682,men's - ear muffs - brown - small,129.9,3,,,,,,,,,,,,,
683,men's - winter gloves - brown - small,162.39,3,,,,,,,,,,,,,
684,men's - mittens - brown - small,47.36,3,,,,,,,,,,,,,
685,men's - boots - blue - medium,148.57,3,,,,,,,,,,,,,
686,men's - gloves - blue - medium,191.86,3,,,,,,,,,,,,,
687,men's - sneakers - blue - medium,60.01,3,,,,,,,,,,,,,
688,men's - scarf - blue - medium,104.88,3,,,,,,,,,,,,,
689,men's - ear muffs - blue - medium,58.02,3,,,,,,,,,,,,,
690,men's - winter gloves - blue - medium,156.45,3,,,,,,,,,,,,,
691,men's - mittens - blue - medium,57.97,3,,,,,,,,,,,,,
692,men's - boots - black - medium,9.56,3,,,,,,,,,,,,,
693,men's - gloves - black - medium,64.01,3,,,,,,,,,,,,,
694,men's - sneakers - black - medium,199.92,3,,,,,,,,,,,,,
695,men's - scarf - black - medium,158.77,3,,,,,,,,,,,,,
696,men's - ear muffs - black - medium,58.1,3,,,,,,,,,,,,,
697,men's - winter gloves - black - medium,21.63,3,,,,,,,,,,,,,
698,men's - mittens - black - medium,183.17,3,,,,,,,,,,,,,
699,men's - boots - red - medium,134.32,3,,,,,,,,,,,,,
700,men's - gloves - red - medium,199.84,3,,,,,,,,,,,,,
701,men's - sneakers - red - medium,133.23,3,,,,,,,,,,,,,
702,men's - scarf - red - medium,152.29,3,,,,,,,,,,,,,
703,men's - ear muffs - red - medium,12.6,3,,,,,,,,,,,,,
704,men's - winter gloves - red - medium,35.05,3,,,,,,,,,,,,,
705,men's - mittens - red - medium,18.23,3,,,,,,,,,,,,,
706,men's - boots - white - medium,115.33,3,,,,,,,,,,,,,
707,men's - gloves - white - medium,18.88,3,,,,,,,,,,,,,
708,men's - sneakers - white - medium,114.63,3,,,,,,,,,,,,,
709,men's - scarf - white - medium,122.65,3,,,,,,,,,,,,,
710,men's - ear muffs - white - medium,106.81,3,,,,,,,,,,,,,
711,men's - winter gloves - white - medium,65.69,3,,,,,,,,,,,,,
712,men's - mittens - white - medium,57.56,3,,,,,,,,,,,,,
713,men's - boots - yellow - medium,43.84,3,,,,,,,,,,,,,
714,men's - gloves - yellow - medium,166.81,3,,,,,,,,,,,,,
715,men's - sneakers - yellow - medium,141.32,3,,,,,,,,,,,,,
716,men's - scarf - yellow - medium,10.57,3,,,,,,,,,,,,,
717,men's - ear muffs - yellow - medium,174.35,3,,,,,,,,,,,,,
718,men's - winter gloves - yellow - medium,27.55,3,,,,,,,,,,,,,
719,men's - mittens - yellow - medium,97.01,3,,,,,,,,,,,,,
720,men's - boots - brown - medium,95.82,3,,,,,,,,,,,,,
721,men's - gloves - brown - medium,34.02,3,,,,,,,,,,,,,
722,men's - sneakers - brown - medium,156.72,3,,,,,,,,,,,,,
723,men's - scarf - brown - medium,185.29,3,,,,,,,,,,,,,
724,men's - ear muffs - brown - medium,199.51,3,,,,,,,,,,,,,
725,men's - winter gloves - brown - medium,28.1,3,,,,,,,,,,,,,
726,men's - mittens - brown - medium,39.94,3,,,,,,,,,,,,,
727,men's - boots - blue - large,32.89,3,,,,,,,,,,,,,
728,men's - gloves - blue - large,88.43,3,,,,,,,,,,,,,
729,men's - sneakers - blue - large,56.16,3,,,,,,,,,,,,,
730,men's - scarf - blue - large,167.99,3,,,,,,,,,,,,,
731,men's - ear muffs - blue - large,98.23,3,,,,,,,,,,,,,
732,men's - winter gloves - blue - large,16.25,3,,,,,,,,,,,,,
733,men's - mittens - blue - large,70.47,3,,,,,,,,,,,,,
734,men's - boots - black - large,102.88,3,,,,,,,,,,,,,
735,men's - gloves - black - large,19.42,3,,,,,,,,,,,,,
736,men's - sneakers - black - large,62.73,3,,,,,,,,,,,,,
737,men's - scarf - black - large,161.43,3,,,,,,,,,,,,,
738,men's - ear muffs - black - large,140.59,3,,,,,,,,,,,,,
739,men's - winter gloves - black - large,63.72,3,,,,,,,,,,,,,
740,men's - mittens - black - large,118.96,3,,,,,,,,,,,,,
741,men's - boots - red - large,178.38,3,,,,,,,,,,,,,
742,men's - gloves - red - large,83.41,3,,,,,,,,,,,,,
743,men's - sneakers - red - large,112.75,3,,,,,,,,,,,,,
744,men's - scarf - red - large,25.23,3,,,,,,,,,,,,,
745,men's - ear muffs - red - large,64.11,3,,,,,,,,,,,,,
746,men's - winter gloves - red - large,69.41,3,,,,,,,,,,,,,
747,men's - mittens - red - large,117.46,3,,,,,,,,,,,,,
748,men's - boots - white - large,26.31,3,,,,,,,,,,,,,
749,men's - gloves - white - large,70.62,3,,,,,,,,,,,,,
750,men's - sneakers - white - large,122.27,3,,,,,,,,,,,,,
751,men's - scarf - white - large,113.65,3,,,,,,,,,,,,,
752,men's - ear muffs - white - large,25.06,3,,,,,,,,,,,,,
753,men's - winter gloves - white - large,167.44,3,,,,,,,,,,,,,
754,men's - mittens - white - large,161.23,3,,,,,,,,,,,,,
755,men's - boots - yellow - large,72.91,3,,,,,,,,,,,,,
756,men's - gloves - yellow - large,113.03,3,,,,,,,,,,,,,
757,men's - sneakers - yellow - large,115.22,3,,,,,,,,,,,,,
758,men's - scarf - yellow - large,88.78,3,,,,,,,,,,,,,
759,men's - ear muffs - yellow - large,122.38,3,,,,,,,,,,,,,
760,men's - winter gloves - yellow - large,2.81,3,,,,,,,,,,,,,
761,men's - mittens - yellow - large,131.33,3,,,,,,,,,,,,,
762,men's - boots - brown - large,185.54,3,,,,,,,,,,,,,
763,men's - gloves - brown - large,150.14,3,,,,,,,,,,,,,
764,men's - sneakers - brown - large,182.2,3,,,,,,,,,,,,,
765,men's - scarf - brown - large,151.23,3,,,,,,,,,,,,,
766,men's - ear muffs - brown - large,181.19,3,,,,,,,,,,,,,
767,men's - winter gloves - brown - large,171.69,3,,,,,,,,,,,,,
768,men's - mittens - brown - large,61.01,3,,,,,,,,,,,,,
769,women's - boots - blue - small,158.61,3,,,,,,,,,,,,,
770,women's - gloves - blue - small,172.96,3,,,,,,,,,,,,,
771,women's - sneakers - blue - small,122.61,3,,,,,,,,,,,,,
772,women's - scarf - blue - small,177.23,3,,,,,,,,,,,,,
773,women's - boots - white - large,56.16,3,,,,,,,,,,,,,
774,women's - ear muffs - white - large,70.47,3,,,,,,,,,,,,,
775,women's - gloves - yellow - large,161.43,3,,,,,,,,,,,,,
776,women's - winter gloves - yellow - large,178.38,3,,,,,,,,,,,,,
777,women's - sneakers - brown - large,64.11,3,,,,,,,,,,,,,
778,women's - mittens - brown - large,70.62,3,,,,,,,,,,,,,
779,children's - scarf - blue - small,167.44,3,,,,,,,,,,,,,
780,children's - boots - black - small,115.22,3,,,,,,,,,,,,,
781,children's - ear muffs - black - small,131.33,3,,,,,,,,,,,,,
782,children's - gloves - red - small,56.16,3,,,,,,,,,,,,,
783,children's - winter gloves - red - small,70.47,3,,,,,,,,,,,,,
784,children's - sneakers - white - small,161.43,3,,,,,,,,,,,,,
785,children's - mittens - white - small,178.38,3,,,,,,,,,,,,,
786,children's - scarf - yellow - small,64.11,3,,,,,,,,,,,,,
787,children's - boots - brown - small,70.62,3,,,,,,,,,,,,,
788,children's - ear muffs - brown - small,167.44,3,,,,,,,,,,,,,
789,children's - gloves - blue - medium,115.22,3,,,,,,,,,,,,,
790,children's - winter gloves - blue - medium,131.33,3,,,,,,,,,,,,,
791,children's - sneakers - black - medium,56.16,3,,,,,,,,,,,,,
792,children's - mittens - black - medium,70.47,3,,,,,,,,,,,,,
793,children's - scarf - red - medium,161.43,3,,,,,,,,,,,,,
794,children's - boots - white - medium,178.38,3,,,,,,,,,,,,,
795,children's - ear muffs - white - medium,64.11,3,,,,,,,,,,,,,
796,children's - gloves - yellow - medium,70.62,3,,,,,,,,,,,,,
797,children's - winter gloves - yellow - medium,167.44,3,,,,,,,,,,,,,
798,children's - sneakers - brown - medium,115.22,3,,,,,,,,,,,,,
799,children's - mittens - brown - medium,131.33,3,,,,,,,,,,,,,
800,children's - scarf - blue - large,56.16,3,,,,,,,,,,,,,
801,children's - boots - black - large,70.47,3,,,,,,,,,,,,,
802,children's - ear muffs - black - large,161.43,3,,,,,,,,,,,,,
803,children's - gloves - red - large,178.38,3,,,,,,,,,,,,,
804,children's - winter gloves - red - large,64.11,3,,,,,,,,,,,,,
805,children's - sneakers - white - large,70.62,3,,,,,,,,,,,,,
806,children's - mittens - white - large,167.44,3,,,,,,,,,,,,,
807,children's - scarf - yellow - large,115.22,3,,,,,,,,,,,,,
808,children's - boots - brown - large,131.33,3,,,,,,,,,,,,,
809,children's - ear muffs - brown - large,25.06,3,,,,,,,,,,,,,
810,women's - ear muffs - blue - small,156.19,4,,,,,,,,,,,,,
811,women's - winter gloves - blue - small,136.08,4,,,,,,,,,,,,,
812,women's - mittens - blue - small,68.55,4,,,,,,,,,,,,,
813,women's - boots - black - small,75.58,4,,,,,,,,,,,,,
814,women's - gloves - black - small,24.21,4,,,,,,,,,,,,,
815,women's - sneakers - black - small,70.38,4,,,,,,,,,,,,,
816,women's - scarf - black - small,73.07,4,,,,,,,,,,,,,
817,women's - ear muffs - black - small,36.25,4,,,,,,,,,,,,,
818,women's - winter gloves - black - small,142.91,4,,,,,,,,,,,,,
819,women's - mittens - black - small,76.56,4,,,,,,,,,,,,,
820,women's - boots - red - small,176.3,4,,,,,,,,,,,,,
821,women's - gloves - red - small,139.2,4,,,,,,,,,,,,,
822,women's - sneakers - red - small,5.54,4,,,,,,,,,,,,,
823,women's - scarf - red - small,106.88,4,,,,,,,,,,,,,
824,women's - ear muffs - red - small,111.38,4,,,,,,,,,,,,,
825,women's - winter gloves - red - small,124.66,4,,,,,,,,,,,,,
826,women's - mittens - red - small,27.86,4,,,,,,,,,,,,,
827,women's - boots - white - small,80.09,4,,,,,,,,,,,,,
828,women's - gloves - white - small,152.58,4,,,,,,,,,,,,,
829,women's - sneakers - white - small,141.93,4,,,,,,,,,,,,,
830,women's - scarf - white - small,35.92,4,,,,,,,,,,,,,
831,women's - ear muffs - white - small,21.51,4,,,,,,,,,,,,,
832,women's - winter gloves - white - small,71.47,4,,,,,,,,,,,,,
833,women's - mittens - white - small,192.11,4,,,,,,,,,,,,,
834,women's - boots - yellow - small,161.94,4,,,,,,,,,,,,,
835,women's - gloves - yellow - small,189.18,4,,,,,,,,,,,,,
836,women's - sneakers - yellow - small,54.59,4,,,,,,,,,,,,,
837,women's - scarf - yellow - small,89.81,4,,,,,,,,,,,,,
838,women's - ear muffs - yellow - small,163.49,4,,,,,,,,,,,,,
839,women's - winter gloves - yellow - small,37.57,4,,,,,,,,,,,,,
840,women's - mittens - yellow - small,176.32,4,,,,,,,,,,,,,
841,women's - boots - brown - small,141.95,4,,,,,,,,,,,,,
842,women's - gloves - brown - small,52.65,4,,,,,,,,,,,,,
843,women's - sneakers - brown - small,7.46,4,,,,,,,,,,,,,
844,women's - scarf - brown - small,52.09,4,,,,,,,,,,,,,
845,women's - ear muffs - brown - small,64.19,4,,,,,,,,,,,,,
846,women's - winter gloves - brown - small,161.48,4,,,,,,,,,,,,,
847,women's - mittens - brown - small,158.51,4,,,,,,,,,,,,,
848,women's - boots - blue - medium,4.26,4,,,,,,,,,,,,,
849,women's - gloves - blue - medium,189.53,4,,,,,,,,,,,,,
850,women's - sneakers - blue - medium,40.38,4,,,,,,,,,,,,,
851,women's - scarf - blue - medium,38.89,4,,,,,,,,,,,,,
852,women's - ear muffs - blue - medium,200.33,4,,,,,,,,,,,,,
853,women's - winter gloves - blue - medium,14.43,4,,,,,,,,,,,,,
854,women's - mittens - blue - medium,175.17,4,,,,,,,,,,,,,
855,women's - boots - black - medium,63.02,4,,,,,,,,,,,,,
856,women's - gloves - black - medium,121.38,4,,,,,,,,,,,,,
857,women's - sneakers - black - medium,143.85,4,,,,,,,,,,,,,
858,women's - scarf - black - medium,69.13,4,,,,,,,,,,,,,
859,women's - ear muffs - black - medium,23.18,4,,,,,,,,,,,,,
860,women's - winter gloves - black - medium,37.86,4,,,,,,,,,,,,,
861,women's - mittens - black - medium,186.1,4,,,,,,,,,,,,,
862,women's - boots - red - medium,103.49,4,,,,,,,,,,,,,
863,women's - gloves - red - medium,64.25,4,,,,,,,,,,,,,
864,women's - sneakers - red - medium,23.94,4,,,,,,,,,,,,,
865,women's - scarf - red - medium,34.9,4,,,,,,,,,,,,,
866,women's - ear muffs - red - medium,120.76,4,,,,,,,,,,,,,
867,women's - winter gloves - red - medium,199.53,4,,,,,,,,,,,,,
868,women's - mittens - red - medium,179.64,4,,,,,,,,,,,,,
869,women's - boots - white - medium,66.05,4,,,,,,,,,,,,,
870,women's - gloves - white - medium,161.91,4,,,,,,,,,,,,,
871,women's - sneakers - white - medium,105.04,4,,,,,,,,,,,,,
872,women's - scarf - white - medium,81.76,4,,,,,,,,,,,,,
873,women's - ear muffs - white - medium,129.46,4,,,,,,,,,,,,,
874,women's - winter gloves - white - medium,101.43,4,,,,,,,,,,,,,
875,women's - mittens - white - medium,78.03,4,,,,,,,,,,,,,
876,women's - boots - yellow - medium,155.09,4,,,,,,,,,,,,,
877,women's - gloves - yellow - medium,178.61,4,,,,,,,,,,,,,
878,women's - sneakers - yellow - medium,51.6,4,,,,,,,,,,,,,
879,women's - scarf - yellow - medium,170.68,4,,,,,,,,,,,,,
880,women's - ear muffs - yellow - medium,140.19,4,,,,,,,,,,,,,
881,women's - winter gloves - yellow - medium,141.63,4,,,,,,,,,,,,,
882,women's - mittens - yellow - medium,175.59,4,,,,,,,,,,,,,
883,women's - boots - brown - medium,48.01,4,,,,,,,,,,,,,
884,women's - gloves - brown - medium,127.14,4,,,,,,,,,,,,,
885,women's - sneakers - brown - medium,93.04,4,,,,,,,,,,,,,
886,women's - scarf - brown - medium,30.19,4,,,,,,,,,,,,,
887,women's - ear muffs - brown - medium,152.03,4,,,,,,,,,,,,,
888,women's - winter gloves - brown - medium,66.29,4,,,,,,,,,,,,,
889,women's - mittens - brown - medium,165.6,4,,,,,,,,,,,,,
890,women's - boots - blue - large,5.54,4,,,,,,,,,,,,,
891,women's - gloves - blue - large,28.01,4,,,,,,,,,,,,,
892,women's - sneakers - blue - large,160.41,4,,,,,,,,,,,,,
893,women's - scarf - blue - large,165.79,4,,,,,,,,,,,,,
894,women's - ear muffs - blue - large,13.67,4,,,,,,,,,,,,,
895,women's - winter gloves - blue - large,54.98,4,,,,,,,,,,,,,
896,women's - mittens - blue - large,115.35,4,,,,,,,,,,,,,
897,women's - boots - black - large,113.04,4,,,,,,,,,,,,,
898,women's - gloves - black - large,59.18,4,,,,,,,,,,,,,
899,women's - sneakers - black - large,173.54,4,,,,,,,,,,,,,
900,women's - scarf - black - large,69.18,4,,,,,,,,,,,,,
901,women's - ear muffs - black - large,83.65,4,,,,,,,,,,,,,
902,women's - winter gloves - black - large,23.35,4,,,,,,,,,,,,,
903,women's - mittens - black - large,49.91,4,,,,,,,,,,,,,
904,women's - boots - red - large,9.78,4,,,,,,,,,,,,,
905,women's - gloves - red - large,91.75,4,,,,,,,,,,,,,
906,women's - sneakers - red - large,51.94,4,,,,,,,,,,,,,
907,women's - scarf - red - large,173.89,4,,,,,,,,,,,,,
908,women's - ear muffs - red - large,137.93,4,,,,,,,,,,,,,
909,women's - gloves - white - large,167.99,4,,,,,,,,,,,,,
910,women's - winter gloves - white - large,102.88,4,,,,,,,,,,,,,
911,women's - sneakers - yellow - large,140.59,4,,,,,,,,,,,,,
912,women's - mittens - yellow - large,83.41,4,,,,,,,,,,,,,
913,women's - scarf - brown - large,69.41,4,,,,,,,,,,,,,
914,children's - boots - blue - small,122.27,4,,,,,,,,,,,,,
915,children's - ear muffs - blue - small,161.23,4,,,,,,,,,,,,,
916,children's - gloves - black - small,88.78,4,,,,,,,,,,,,,
917,children's - winter gloves - black - small,185.54,4,,,,,,,,,,,,,
918,children's - sneakers - red - small,167.99,4,,,,,,,,,,,,,
919,children's - mittens - red - small,102.88,4,,,,,,,,,,,,,
920,children's - scarf - white - small,140.59,4,,,,,,,,,,,,,
921,children's - boots - yellow - small,83.41,4,,,,,,,,,,,,,
922,children's - ear muffs - yellow - small,69.41,4,,,,,,,,,,,,,
923,children's - gloves - brown - small,122.27,4,,,,,,,,,,,,,
924,children's - winter gloves - brown - small,161.23,4,,,,,,,,,,,,,
925,children's - sneakers - blue - medium,88.78,4,,,,,,,,,,,,,
926,children's - mittens - blue - medium,185.54,4,,,,,,,,,,,,,
927,children's - scarf - black - medium,167.99,4,,,,,,,,,,,,,
928,children's - boots - red - medium,102.88,4,,,,,,,,,,,,,
929,children's - ear muffs - red - medium,140.59,4,,,,,,,,,,,,,
930,children's - gloves - white - medium,83.41,4,,,,,,,,,,,,,
931,children's - winter gloves - white - medium,69.41,4,,,,,,,,,,,,,
932,children's - sneakers - yellow - medium,122.27,4,,,,,,,,,,,,,
933,children's - mittens - yellow - medium,161.23,4,,,,,,,,,,,,,
934,children's - scarf - brown - medium,88.78,4,,,,,,,,,,,,,
935,children's - boots - blue - large,185.54,4,,,,,,,,,,,,,
936,children's - ear muffs - blue - large,167.99,4,,,,,,,,,,,,,
937,children's - gloves - black - large,102.88,4,,,,,,,,,,,,,
938,children's - winter gloves - black - large,140.59,4,,,,,,,,,,,,,
939,children's - sneakers - red - large,83.41,4,,,,,,,,,,,,,
940,children's - mittens - red - large,69.41,4,,,,,,,,,,,,,
941,children's - scarf - white - large,122.27,4,,,,,,,,,,,,,
942,children's - boots - yellow - large,161.23,4,,,,,,,,,,,,,
943,children's - ear muffs - yellow - large,88.78,4,,,,,,,,,,,,,
944,children's - gloves - brown - large,185.54,4,,,,,,,,,,,,,
945,children's - winter gloves - brown - large,167.44,4,,,,,,,,,,,,,